ID,Nom,Prénom,Date de naissance,Téléphone,Email,Adresse,Date de création
1,Rodriguez,Théodore,16/08/1965,0567920025,penelopede-oliveira@example.org,"79, avenue Marie Maillard, 14468 Lebreton-les-Bains",14/10/2024
2,Blanchet,Célina,07/01/1955,+33 (0)2 78 94 28 63,fredericroussel@example.org,"99, boulevard de Vidal, 59733 Saint ÉmileVille",14/10/2024
3,Bernard,Aimée,03/11/1996,0272321700,arthur60@example.net,"86, chemin Maggie Robert, 20690 RaynaudVille",14/10/2024
4,Pages,Xavier,16/03/2005,06 95 79 91 21,simone23@example.net,"9, avenue Timothée Munoz, 97365 Millet",14/10/2024
5,Étienne,Catherine,25/07/1987,+33 3 28 85 64 33,audrey37@example.com,"chemin Guillaume De Sousa, 93345 Sainte ZoéVille",14/10/2024
6,Michaud,Emmanuel,07/11/1994,+33 (0)5 57 57 18 39,pbarbe@example.com,"50, avenue Briand, 72145 Sainte Philippe-la-Forêt",14/10/2024
7,Rey,Jacqueline,03/05/1953,+33 (0)2 32 67 59 93,aboulanger@example.com,"93, chemin de Fournier, 46839 Jourdan-les-Bains",14/10/2024
8,Merle,Frédéric,22/05/1995,+33 4 11 74 05 11,mailletjerome@example.com,"5, rue Maggie Pascal, 88851 Mahe",14/10/2024
9,Hebert,Margaret,23/12/1937,0468197792,wribeiro@example.org,"78, chemin Luc Torres, 65644 Dijoux",14/10/2024
10,Rolland,Anaïs,10/03/1938,0586993963,antoinebreton@example.com,"64, boulevard Gimenez, 20324 Rocher",14/10/2024
11,Girard,David,16/10/1937,03 59 33 39 17,emmanuellemary@example.org,"8, chemin Édith Roux, 71192 Labbénec",14/10/2024
12,Alexandre,Marcel,1937-07-15,+33 (0)5 56 60 70 64,svidal@example.com,"19, rue Isabelle Lagarde, 63244 Sainte Anastasie",14/10/2024
13,Meyer,Sabine,01/05/1935,0645243977,mathildedurand@example.com,"385, chemin de Weiss, 56567 Jolynec",14/10/2024
14,Ollivier,Marthe,05/12/1943,+33 (0)5 35 42 38 49,timotheebouchet@example.org,"834, chemin de Lefort, 97141 Étienne",14/10/2024
15,Masson,Jeannine,02/06/1960,+33 3 83 20 19 35,hjacob@example.net,"42, rue Vincent Caron, 51411 Breton",14/10/2024
16,Duval,Françoise,21/08/1979,+33 (0)1 72 82 64 64,vasseurtherese@example.net,"307, avenue de Perez, 60207 Vallée",14/10/2024
17,Normand,Claudine,19/09/1993,+33 5 62 14 39 72,baubry@example.org,"90, rue Pruvost, 29991 Aubry",14/10/2024
18,Sanchez,Agathe,24/12/1954,01 30 04 64 90,benjaminchevalier@example.net,"41, rue Blanchet, 06343 Louis",14/10/2024
19,Bailly,Suzanne,07/02/1980,+33 4 76 57 39 82,jerome77@example.net,"12, chemin Rémy, 38601 Navarro",14/10/2024
20,Thierry,Thomas,17/07/1948,+33 (0)6 30 63 37 53,simonbenoit@example.com,"9, chemin Petitjean, 74733 Besson-sur-Mer",14/10/2024
21,Meunier,Henriette,01/12/2001,0695294120,hardybenjamin@example.com,"50, chemin de François, 30607 Saint Richard",14/10/2024
22,Pineau,Éric,31/07/1991,03 90 35 79 64,guillaumepauline@example.org,"19, boulevard Léger, 42495 Brun",14/10/2024
23,Dupont,Claude,04/01/1968,+33 (0)4 30 34 14 27,clercchristelle@example.org,"25, boulevard de Rossi, 58514 Ferrand-sur-Chevalier",14/10/2024
24,Auger,Martine,10/05/1947,+33 (0)2 29 42 00 46,vlouis@example.org,"16, rue Alves, 77896 Sanchez-les-Bains",14/10/2024
25,Roche,Marie,18/08/1955,06 75 78 09 69,clairelemonnier@example.org,"97, chemin Millet, 43709 Bouvier-les-Bains",14/10/2024
26,Perrot,David,27/02/1994,0426979435,huguescharpentier@example.net,"10, rue Guillaume Garcia, 97261 DumontBourg",14/10/2024
27,Diallo,Alexandrie,26/08/1994,0547722710,xaviermathieu@example.net,"79, avenue Leroy, 73846 Hervé-les-Bains",14/10/2024
28,Rocher,Honoré,16/04/1956,+33 (0)3 72 37 11 45,andreepetitjean@example.org,"rue de Lelièvre, 26398 Pascal-la-Forêt",14/10/2024
29,Masse,Émile,09/06/1995,+33 (0)5 17 11 05 98,gayeleonore@example.org,"boulevard Roche, 81610 Vasseur",14/10/2024
30,Guibert,Stéphane,08/02/1961,0476518476,jalves@example.net,"27, boulevard de Gillet, 53282 Becker-la-Forêt",14/10/2024
31,Labbé,Martin,25/11/1937,+33 (0)1 83 48 88 84,henri39@example.org,"95, rue de Guyot, 88823 Ramosdan",14/10/2024
32,Lefort,Gilbert,30/11/2004,+33 4 80 46 18 69,ulabbe@example.net,"556, rue de Bernard, 80286 Lacombe",14/10/2024
33,Couturier,Pierre,25/03/1945,+33 (0)4 57 87 62 24,gabriel88@example.org,"1, avenue de Bousquet, 47612 Guyot",14/10/2024
34,Berthelot,Paulette,24/01/1993,+33 3 57 40 87 78,marchalfrancois@example.net,"18, avenue de Mathieu, 94730 Giraud",14/10/2024
35,Lebon,Nicolas,29/11/1987,0519845227,william49@example.org,"27, rue Jeanne Labbé, 71489 Lacombe-sur-Valentin",14/10/2024
36,Guilbert,Bernadette,22/10/1938,0579856446,noemi96@example.net,"chemin de Salmon, 42185 Dupont-sur-Godard",14/10/2024
37,Besson,Jacques,05/04/1965,+33 (0)5 86 89 06 25,cle-roux@example.com,"boulevard de Jacquot, 69718 Fournier-les-Bains",14/10/2024
38,Rémy,Emmanuelle,30/08/1952,03 80 33 02 91,martine70@example.org,"62, boulevard Édith Michel, 60940 Toussaint",14/10/2024
39,Barthelemy,Madeleine,26/06/1953,+33 (0)3 65 48 08 51,lguerin@example.org,"89, rue Jacquet, 07645 Nicolasdan",14/10/2024
40,Grenier,Théophile,04/05/1977,+33 (0)1 74 22 67 82,dupontzacharie@example.com,"718, chemin de Bègue, 44407 Saint Virginie",14/10/2024
41,Michel,Robert,24/07/1951,0540361693,descampsjulie@example.org,"avenue de Besnard, 85776 Tessier-sur-Rey",14/10/2024
42,Allard,Théophile,25/11/1933,+33 (0)4 71 13 89 01,gabrielle25@example.net,"24, boulevard Marcelle Cohen, 20575 Sainte Susanne",14/10/2024
43,Blanchard,Claude,13/11/1957,01 45 54 96 31,virginiemasse@example.org,"80, chemin de Georges, 88400 Rossi",14/10/2024
44,Blin,Étienne,05/05/1937,+33 1 58 97 18 73,gillesanastasie@example.net,"85, rue Briand, 87403 Leclercnec",14/10/2024
45,Lambert,Julie,22/03/1947,+33 (0)3 84 94 57 33,margotmercier@example.com,"67, avenue Guillaume Camus, 63966 Peltier",14/10/2024
46,Gaudin,Laurent,01/07/1983,+33 5 90 10 37 59,thomasbourgeois@example.com,"rue Gilles Collet, 26519 Leblancnec",14/10/2024
47,Adam,Maryse,28/05/1940,+33 4 99 19 56 50,ylefort@example.com,"574, rue de Fernandes, 63570 Sainte JulietteBourg",14/10/2024
48,Roux,Monique,12/03/1940,01 76 53 39 77,danielleallain@example.com,"rue Paulette Regnier, 16955 Perez",14/10/2024
49,Carlier,Alexandre,04/04/1980,+33 (0)5 49 92 77 09,lorrainelabbe@example.org,"46, chemin Auguste Guillon, 78231 Sainte Claire",14/10/2024
50,Poirier,Patricia,26/12/1947,+33 (0)2 30 80 79 15,ulombard@example.org,"2, rue de Moreno, 12205 Sainte Margaud",14/10/2024
51,Moulin,Jean,07/09/1939,0432296950,alicetorres@example.net,"avenue Alice Lamy, 37279 Bertrand-sur-Lacombe",14/10/2024
52,Blanc,Michel,06/07/1963,0581301517,vincenttexier@example.com,"10, rue Hamel, 51933 Fleury-sur-Dias",14/10/2024
53,François,Alex,02/12/1959,+33 3 89 13 28 38,lagardegerard@example.net,"50, chemin Stéphanie Riou, 40938 BourgeoisBourg",14/10/2024
54,Legrand,Alix,09/10/1952,+33 (0)3 65 05 72 96,dos-santosguy@example.com,"62, avenue Renée Clerc, 95422 Saint MatthieuBourg",14/10/2024
55,Richard,Jacqueline,01/04/2006,01 81 94 83 16,alexandrie23@example.net,"20, boulevard Pasquier, 14298 Becker",14/10/2024
56,Pottier,Patrick,13/12/1996,04 71 73 75 22,fmartinez@example.org,"rue Fabre, 56238 Martel-sur-Richard",14/10/2024
57,Richard,Camille,04/03/1946,02 32 38 96 34,alain08@example.net,"44, boulevard Guillaume Pereira, 20327 Loiseau",14/10/2024
58,Blin,Astrid,12/11/1967,03 72 34 88 83,antoinette28@example.org,"358, rue de Monnier, 56482 Bonneau",14/10/2024
59,Thomas,Théodore,19/12/1933,01 30 76 29 40,brigitteraymond@example.com,"4, rue Marcel Lemonnier, 87685 Sainte Michèle",14/10/2024
60,Julien,Corinne,04/09/1953,01 44 38 35 24,clemencehoarau@example.com,"89, avenue Gilbert Brunet, 61811 NicolasVille",14/10/2024
61,Olivier,Adrienne,03/11/1948,0172404637,marchandmarine@example.com,"5, boulevard Mary, 02702 Saint Philippenec",14/10/2024
62,Paris,Mathilde,02/06/1959,0375145493,agnesfontaine@example.net,"772, boulevard Guérin, 89701 Sainte Lucie",14/10/2024
63,Delattre,Geneviève,15/11/1938,+33 (0)4 27 23 19 57,nathaliehardy@example.com,"avenue de Blanchard, 92242 Moulindan",14/10/2024
64,Raynaud,Léon,23/02/1943,+33 2 49 85 29 08,christophedidier@example.org,"594, avenue Blanchard, 54221 Godard",14/10/2024
65,Martinez,Hélène,03/10/1966,04 75 60 07 10,timothee71@example.net,"rue de Sauvage, 57999 Joseph-la-Forêt",14/10/2024
66,Vaillant,Nath,02/07/2001,0422258667,hortense77@example.org,"8, rue Luce Georges, 11628 Sainte Bernadette",14/10/2024
67,Mary,Sophie,07/03/1940,0370102826,aimelacombe@example.com,"376, avenue Renée Gonzalez, 86956 Saint Madeleine-sur-Mer",14/10/2024
68,Gilles,Geneviève,24/10/1949,0494239943,iroussel@example.net,"95, avenue Launay, 32590 Saint Thierry-sur-Mer",14/10/2024
69,Torres,Nathalie,23/10/1995,02 96 47 82 53,jboulanger@example.com,"39, rue Alexandre, 06900 Bonnet",14/10/2024
70,Guyot,Michelle,02/07/1978,+33 1 78 39 91 02,marchandolivier@example.org,"rue Xavier Fernandes, 48741 Hebert",14/10/2024
71,Olivier,Alphonse,05/01/1991,+33 (0)1 49 88 37 79,hlagarde@example.org,"57, rue de Gaillard, 93950 Roy-sur-Mer",14/10/2024
72,Albert,Véronique,11/05/2005,+33 (0)5 58 37 45 57,francoistessier@example.org,"58, avenue de Pereira, 51307 Saint Antoine-la-Forêt",14/10/2024
73,Potier,Anne,01/02/1955,0290807047,ineshenry@example.org,"51, boulevard Bonnin, 90713 Sainte Deniseboeuf",14/10/2024
74,Delorme,Océane,03/05/1997,+33 (0)6 35 09 96 70,zachariesauvage@example.net,"518, avenue Stéphanie Auger, 94462 Blanchardnec",14/10/2024
75,Humbert,Émile,24/07/1943,05 90 36 43 98,tda-costa@example.org,"84, rue de Pascal, 59944 Jacquot",14/10/2024
76,Nguyen,Joséphine,25/10/2004,+33 6 47 23 14 27,robertamelie@example.net,"3, rue de Julien, 73820 Pinto",14/10/2024
77,Navarro,Emmanuelle,08/06/1971,03 20 61 33 79,tristan33@example.com,"8, avenue Gimenez, 38589 Delorme-sur-Godard",14/10/2024
78,Jacquot,Victor,22/01/1964,0586255199,olivier43@example.com,"95, rue de Julien, 20861 Normand",14/10/2024
79,Bertin,Caroline,07/02/1945,0556567796,xboulanger@example.com,"753, rue Rocher, 24657 Gomes-sur-Breton",14/10/2024
80,Weiss,Marthe,15/01/1976,+33 2 50 24 56 32,lucie45@example.net,"845, boulevard Sylvie Hernandez, 97641 CharrierBourg",14/10/2024
81,Guillet,Dominique,01/02/1941,0322285894,guymerle@example.com,"rue de Bourgeois, 10218 Saint Théodore",14/10/2024
82,Laporte,Étienne,26/12/1971,0243274938,alfredhenry@example.org,"chemin de Leroux, 89350 Sainte Marianne",14/10/2024
83,Da Costa,Guy,29/10/1999,07 65 51 17 41,joseph55@example.net,"avenue Cordier, 09387 Pottier",14/10/2024
84,Chrétien,Léon,10/03/1999,+33 (0)1 78 86 41 89,peltieragathe@example.net,"5, avenue Nathalie Roux, 69581 Delaunaydan",14/10/2024
85,Bodin,Jules,25/01/1995,+33 (0)3 55 97 89 58,jeannemartel@example.net,"50, boulevard Luc Merle, 83523 Gauthier",14/10/2024
86,Lopez,Antoine,17/08/1977,0285000334,vincentcamus@example.org,"77, rue Berger, 04411 Allain-les-Bains",14/10/2024
87,Lecomte,Marthe,14/05/1992,0426683699,rpicard@example.org,"chemin de Imbert, 13299 Gillesboeuf",14/10/2024
88,Roussel,Arthur,04/12/1993,02 22 58 84 32,juliendelahaye@example.com,"7, rue de Martinez, 61468 Benard",14/10/2024
89,Sanchez,Eugène,22/05/1969,03 55 44 82 57,morvanmarie@example.org,"79, boulevard Marty, 61876 Maillot-sur-Monnier",14/10/2024
90,Gomez,Maurice,24/01/1991,+33 (0)4 98 63 73 47,tristan31@example.com,"13, avenue de Guichard, 60845 Marchand",14/10/2024
91,Lagarde,Emmanuel,03/07/1980,+33 2 31 08 07 94,texierdanielle@example.com,"17, avenue de Vidal, 93400 Saint JacquelineVille",14/10/2024
92,Blin,Stéphanie,09/03/1996,+33 (0)4 57 61 15 20,aclement@example.net,"20, boulevard Camus, 14509 Roux-sur-Caron",14/10/2024
93,Chauvet,Lorraine,28/09/1980,+33 4 88 70 99 26,baillyadele@example.com,"36, boulevard Yves Chauvet, 55289 TanguyBourg",14/10/2024
94,Martel,Inès,24/10/1937,07 43 73 58 31,pirespenelope@example.org,"596, avenue Marianne Raynaud, 23770 Perrin",14/10/2024
95,Perez,Valentine,02/01/1957,01 46 21 82 75,igautier@example.net,"8, rue Auguste Morvan, 72918 MichaudVille",14/10/2024
96,Lemaître,Josette,27/03/1954,+33 4 93 84 41 00,delannoyelise@example.org,"35, avenue de Leleu, 20657 Guilbert-sur-Thibault",14/10/2024
97,Leclercq,Claire,27/04/1968,04 50 79 42 07,beckerhenri@example.com,"28, boulevard de Lenoir, 11769 Carlier",14/10/2024
98,Mahe,Marcelle,28/08/1977,03 64 25 08 62,anastasielemaitre@example.com,"78, rue Eugène Leleu, 77597 Rivière-les-Bains",14/10/2024
99,Leclerc,Stéphanie,23/02/1996,+33 7 83 26 72 36,fmarchal@example.com,"51, rue de Rossi, 57511 Diallo",14/10/2024
100,Bouvier,Édouard,16/08/1966,0427524753,gimenezmargot@example.org,"39, chemin Chrétien, 48201 Mace",14/10/2024
101,Louis,Josette,12/08/1934,0485459914,opicard@example.com,"chemin de Lenoir, 26662 Lemoine",14/10/2024
102,Lambert,Zoé,04/07/1939,0532765818,huguesraynaud@example.org,"chemin de Fernandez, 82183 Aubert",14/10/2024
103,Pruvost,Danielle,30/07/1981,+33 1 58 70 03 34,pineauanne@example.com,"36, rue Mathilde Rey, 88818 Robertnec",14/10/2024
104,Valentin,Antoine,21/08/1944,03 79 09 62 67,arnaude57@example.org,"81, boulevard Marc Merle, 76704 Verdier",14/10/2024
105,Bourgeois,Susanne,17/02/1952,03 44 33 30 35,honore85@example.com,"4, avenue Michelle Boutin, 87275 Courtois-sur-Mer",14/10/2024
106,Bouvier,William,29/06/1986,0434159597,bonnetalain@example.net,"boulevard de Ledoux, 49793 Martel",14/10/2024
107,Charrier,Colette,12/12/1954,06 86 67 21 46,merciermarcel@example.org,"rue Fournier, 66787 Seguin",14/10/2024
108,Pottier,David,08/04/1981,05 33 61 61 73,brigitteguyot@example.com,"32, rue Maréchal, 66253 Marion-sur-Joly",14/10/2024
109,Pruvost,Roger,06/10/1961,0524277749,henri69@example.com,"79, boulevard Laetitia Simon, 13603 Le Roux",14/10/2024
110,Auger,Anaïs,04/01/1947,+33 (0)6 34 26 65 29,noelgaillard@example.net,"86, chemin de Blanchard, 45114 Sainte Mathilde",14/10/2024
111,Martin,Luc,17/06/1955,03 55 16 11 92,ines56@example.com,"31, boulevard Jeanne Aubry, 26187 Roger-les-Bains",14/10/2024
112,Berthelot,Susanne,18/12/1964,04 42 90 84 09,julietteseguin@example.org,"55, rue Deschamps, 05103 Philippe-les-Bains",14/10/2024
113,Joseph,Capucine,07/04/1988,+33 3 44 22 17 11,sleleu@example.org,"35, avenue Le Roux, 39830 Fernandez",14/10/2024
114,Grégoire,Michelle,19/04/1981,0296305471,hleleu@example.com,"49, boulevard de Costa, 23490 Collet-sur-Dupuis",14/10/2024
115,Maréchal,Emmanuelle,06/07/1941,+33 (0)1 30 85 36 72,elisabethleleu@example.org,"boulevard de Mahe, 84613 Léger",14/10/2024
116,Delahaye,Aurore,04/02/1974,+33 5 54 17 05 11,cduval@example.net,"14, rue de Devaux, 26485 Lucas-sur-Mer",14/10/2024
117,Paul,Guy,09/11/1984,0360423994,valentine97@example.org,"73, boulevard Emmanuel Fleury, 65731 Faivre",14/10/2024
118,Carpentier,Bertrand,13/10/1953,+33 (0)4 74 64 66 21,fabremargaud@example.com,"47, rue Laroche, 38695 NavarroBourg",14/10/2024
119,Henry,Bernadette,08/07/1983,+33 (0)2 58 46 50 23,stephanie30@example.net,"boulevard Lacroix, 42247 Blanchard",14/10/2024
120,Moreau,Maggie,30/08/2001,+33 8 03 22 09 78,isaachenry@example.com,"6, boulevard de Garcia, 81708 Payetdan",14/10/2024
121,Bouchet,Frédérique,09/08/1948,+33 5 49 11 01 39,molivier@example.net,"77, chemin Merle, 20825 Rey-sur-Imbert",14/10/2024
122,Verdier,Sylvie,28/02/1984,0443586975,josephineboucher@example.org,"86, rue Valérie Chartier, 32714 Traore",14/10/2024
123,Imbert,Gérard,25/11/1972,04 90 09 89 39,gregoire29@example.net,"21, boulevard Patrick Carlier, 72258 Delahaye",14/10/2024
124,Guyon,Guillaume,30/07/1959,+33 (0)3 55 88 77 97,aubrygilles@example.com,"88, rue Bernard, 53939 Saint ÉdouardVille",14/10/2024
125,Guérin,Marine,23/06/1961,+33 4 56 72 18 31,aschneider@example.org,"9, rue Pruvost, 14276 Maury",14/10/2024
126,Bouvier,Marguerite,01/06/1989,01 45 52 36 52,stephaneferrand@example.com,"38, chemin de Hebert, 27772 PhilippeVille",14/10/2024
127,Renard,Victor,30/09/1991,+33 2 97 34 79 08,rboyer@example.com,"10, rue Marques, 97486 Becker",14/10/2024
128,Moreau,François,14/03/1963,+33 4 67 92 26 32,nbonneau@example.net,"40, rue Agathe Delahaye, 97467 Gillet",14/10/2024
129,Blondel,Dominique,20/01/1976,0499227654,lacroixeugene@example.com,"5, boulevard Laetitia Albert, 30979 Rousseldan",14/10/2024
130,Carre,Caroline,23/02/1990,04 88 41 03 28,launaydorothee@example.net,"chemin Bonnet, 53798 Pichon",14/10/2024
131,Gosselin,Jean,26/11/1963,+33 5 16 19 26 94,laurencelopez@example.org,"92, rue Amélie Roche, 22741 Hoareau",14/10/2024
132,Sanchez,Jérôme,04/01/1967,03 23 02 66 88,christopheribeiro@example.org,"807, avenue de Chauvet, 45779 Guillot",14/10/2024
133,Boutin,Emmanuel,25/07/1948,+33 (0)3 79 32 29 67,anne88@example.org,"88, rue Zoé Lemaître, 97447 Gallet",14/10/2024
134,Chauvet,Théodore,17/11/1978,+33 4 67 34 79 74,matthieu26@example.org,"rue Diallo, 17548 Jean",14/10/2024
135,Maurice,Laurence,18/07/1948,+33 (0)2 45 43 11 33,jacquessalmon@example.com,"77, rue Zoé Weiss, 27820 Da Costa-sur-Duval",14/10/2024
136,Perrier,René,27/11/1961,+33 4 97 58 78 52,merlemarianne@example.org,"781, boulevard Bigot, 10758 Moreau-sur-Joseph",14/10/2024
137,Evrard,Bernadette,20/06/1983,0430475147,bouvieraurelie@example.org,"112, chemin Margot Maillard, 65526 Neveu",14/10/2024
138,Maurice,Honoré,08/09/1979,+33 (0)4 97 86 25 15,lucas79@example.net,"22, rue Lejeune, 73482 SeguinVille",14/10/2024
139,Rossi,Honoré,07/07/1934,+33 4 97 55 87 63,vgermain@example.org,"495, rue Brigitte Perrot, 53141 Dupuy",14/10/2024
140,Guillet,Olivier,18/07/1967,+33 (0)5 53 15 16 17,denislemoine@example.com,"586, rue de Potier, 79278 Merle",14/10/2024
141,Charpentier,Frédéric,16/07/1952,0497073099,slegros@example.net,"46, rue Susanne Delattre, 23113 Legrand",14/10/2024
142,Bernier,Maryse,25/11/1962,+33 2 19 45 20 05,eleonoregerard@example.com,"rue Sophie Diaz, 59922 De Sousa",14/10/2024
143,Marchal,Roland,24/02/2004,0183671686,margaux45@example.com,"11, chemin Thierry Laine, 54733 Lagarde",14/10/2024
144,Dupuis,Alphonse,16/07/1958,0257791834,olivier99@example.org,"673, boulevard de Legros, 92521 Pascal",14/10/2024
145,Jacob,Lucas,19/05/1972,+33 (0)2 31 27 76 47,dallard@example.org,"103, avenue Lombard, 38619 Sainte Olivierdan",14/10/2024
146,Wagner,Marguerite,12/07/1935,05 18 63 30 51,theresefouquet@example.org,"rue de Coste, 39235 Saint ThierryBourg",14/10/2024
147,Pottier,Susanne,08/10/1965,+33 (0)3 44 78 79 88,aurore49@example.net,"586, rue Vincent Langlois, 42768 Labbé-la-Forêt",14/10/2024
148,Launay,Nathalie,03/07/1954,+33 5 24 98 91 87,agnesdaniel@example.net,"2, avenue Marin, 32516 Sainte DenisBourg",14/10/2024
149,Godard,Élise,29/07/1962,02 36 70 00 07,michel54@example.net,"2, rue de Denis, 51970 Schmitt",14/10/2024
150,Lemaître,Victoire,04/09/1995,0774160996,xaviergiraud@example.com,"48, avenue Parent, 69457 Gérard",14/10/2024
151,Lesage,Grégoire,25/06/1983,+33 5 32 92 09 75,bernadette01@example.org,"96, rue Pauline Lemoine, 73433 Sauvage",14/10/2024
152,Cordier,Brigitte,26/09/1954,0236380166,claire78@example.net,"30, chemin Danielle Guyot, 27904 Vasseur-sur-Lucas",14/10/2024
153,Bègue,Luc,05/07/1935,04 67 45 64 72,nicolassuzanne@example.com,"32, avenue Faure, 93365 DelahayeBourg",14/10/2024
154,Gonzalez,Maggie,01/12/1983,0562133771,lvalentin@example.net,"4, rue Ferreira, 08333 Giraud",14/10/2024
155,Riou,Chantal,24/07/1946,+33 5 87 28 03 34,zalves@example.com,"22, chemin Roche, 25374 Morel",14/10/2024
156,Lejeune,Victoire,16/04/1970,05 58 12 32 96,letellieragathe@example.net,"10, avenue de Masse, 09708 Huet",14/10/2024
157,Boyer,Laurent,11/01/2004,+33 4 73 04 54 20,fpayet@example.org,"15, avenue de Pelletier, 78310 Cohen",14/10/2024
158,Sauvage,Théophile,05/05/1950,+33 (0)2 37 69 19 12,vallard@example.org,"avenue Antoinette Lebrun, 61376 Delattre",14/10/2024
159,Benoit,Gilbert,19/05/1973,05 53 55 21 70,agathe68@example.net,"514, boulevard de Lopez, 48344 BourgeoisBourg",14/10/2024
160,Guilbert,Marthe,13/12/1991,0479716483,zcarpentier@example.net,"rue Joséphine Benoit, 59118 Saint Margot",14/10/2024
161,Blanchard,Andrée,15/06/1941,+33 2 61 38 98 77,jmoreau@example.net,"2, rue de Dubois, 02867 Lefort",14/10/2024
162,Germain,Roger,04/11/1997,03 53 28 93 81,orenault@example.org,"84, avenue Lemonnier, 58988 Devauxdan",14/10/2024
163,Pruvost,Frédéric,12/04/1994,+33 (0)4 74 33 46 66,chauvetbenoit@example.net,"11, boulevard de Hebert, 57617 François-la-Forêt",14/10/2024
164,Pineau,Christelle,15/08/1948,+33 (0)1 58 22 38 20,martineguibert@example.org,"375, boulevard Michel Monnier, 97484 HervéVille",14/10/2024
165,Mace,Élodie,04/09/1982,+33 (0)5 47 87 57 46,gdelorme@example.net,"chemin Mathilde Fabre, 12386 Barre",14/10/2024
166,Guillaume,Alain,26/06/1955,+33 5 94 19 51 35,bessonroger@example.org,"55, rue de Lecoq, 20158 Menard",14/10/2024
167,Fabre,Noël,30/03/1962,04 84 11 77 97,celinaolivier@example.org,"76, boulevard de Boulanger, 72789 Saint CapucineVille",14/10/2024
168,Dias,Virginie,24/09/1938,+33 (0)5 57 10 40 57,zoeroyer@example.net,"94, rue Pires, 01695 Valette",14/10/2024
169,Merle,Constance,26/04/1944,+33 1 40 36 88 09,noellacroix@example.org,"61, boulevard Aimée Auger, 92760 Coulondan",14/10/2024
170,David,Dorothée,01/05/1948,+33 3 66 55 99 98,laurentmaillet@example.net,"24, rue Noémi Rémy, 73715 Jean",14/10/2024
171,Colas,Adèle,28/03/1944,03 61 48 04 51,osanchez@example.net,"rue Marie Pages, 97237 Colinnec",14/10/2024
172,Gay,Victor,07/07/1954,+33 (0)3 84 48 99 39,edithhardy@example.net,"rue Jeanne Raynaud, 69336 Parentdan",14/10/2024
173,Bailly,Laurent,01/11/1939,+33 (0)2 99 90 28 72,mariongilbert@example.org,"5, boulevard Launay, 01108 Meunier",14/10/2024
174,Navarro,Christelle,28/08/1988,+33 5 87 57 67 00,ufischer@example.com,"28, rue de Vallet, 91807 Letellier",14/10/2024
175,Michel,Thierry,01/10/1944,0465433822,sdiallo@example.net,"8, avenue de Legros, 51850 Pelletier-les-Bains",14/10/2024
176,Paul,Margaud,21/10/1976,+33 (0)3 56 09 84 54,colette54@example.com,"76, avenue de Jourdan, 84244 Sainte Éric-sur-Mer",14/10/2024
177,Fontaine,Capucine,04/09/1971,+33 4 71 37 47 84,alexandrebrun@example.com,"6, avenue Marianne Gillet, 16683 Michaudboeuf",14/10/2024
178,Mallet,Alexandre,18/02/1992,+33 (0)4 56 65 26 36,lucy17@example.com,"757, rue Rémy Barbier, 05816 Auger",14/10/2024
179,Wagner,Émile,12/03/1940,0475696034,hfaure@example.org,"176, avenue Suzanne Pelletier, 80518 Sainte Antoinetteboeuf",14/10/2024
180,Simon,René,31/03/1984,+33 (0)1 80 52 29 05,andreepoirier@example.com,"20, rue Andrée Pichon, 19803 Saint Sabine-les-Bains",14/10/2024
181,Meunier,Roger,17/05/1936,03 59 74 47 25,kle-roux@example.com,"18, rue Margot Labbé, 97350 David-sur-Fleury",14/10/2024
182,Daniel,Claire,19/11/1997,02 52 67 46 12,njacquet@example.net,"boulevard de Jacquot, 64970 Brunel",14/10/2024
183,Humbert,Théophile,23/12/2002,0253451802,guillothelene@example.net,"40, rue Reynaud, 84118 Giraud",14/10/2024
184,Couturier,Zoé,05/06/1964,0475017058,brigitteperrier@example.com,"boulevard Marion, 83845 Dialloboeuf",14/10/2024
185,Dufour,Thérèse,01/12/1975,05 36 78 31 74,spruvost@example.org,"4, rue Gaudin, 56296 Meyer",14/10/2024
186,Da Costa,Noël,13/03/1999,+33 (0)5 87 34 83 19,mgarcia@example.net,"906, boulevard Guy Rousseau, 42434 Sainte Joséphineboeuf",14/10/2024
187,Léger,Dominique,26/08/1968,+33 3 21 88 56 97,briandnicolas@example.com,"52, avenue de Baudry, 56890 Foucher",14/10/2024
188,Jacquot,Victor,26/06/1977,02 37 22 11 12,anoukaubert@example.com,"54, boulevard de Brunel, 04875 Grondinboeuf",14/10/2024
189,Daniel,Charlotte,17/11/1959,02 49 56 20 10,oguillon@example.org,"88, chemin Guyon, 80800 Chartier",14/10/2024
190,Benard,Sophie,16/06/1937,+33 (0)2 48 05 64 57,isabellemorin@example.org,"boulevard Roux, 95784 Blanchard",14/10/2024
191,Launay,Maryse,31/08/1950,0457213029,delaunayagathe@example.net,"3, avenue Martin, 43962 Guyot-les-Bains",14/10/2024
192,Buisson,Raymond,10/04/1944,+33 (0)2 38 21 71 31,claire59@example.net,"85, rue Vincent Traore, 77511 Leroy",14/10/2024
193,Pelletier,Alex,06/07/1981,+33 6 31 73 47 59,renaultalexandrie@example.net,"chemin Nicole Mahe, 54399 Cohen",14/10/2024
194,Chrétien,Christine,09/01/1964,+33 2 40 97 74 83,dfaivre@example.com,"6, avenue Gilles Bouvier, 57752 Milletnec",14/10/2024
195,Rossi,Simone,31/07/1997,0351367054,leonleveque@example.com,"chemin de François, 79213 Saint Davidboeuf",14/10/2024
196,Olivier,Michèle,26/12/1978,+33 (0)2 77 14 21 67,xpetit@example.com,"9, chemin Léon Dupuis, 97361 Lesage",14/10/2024
197,Chevallier,Luce,27/09/1982,+33 (0)2 77 39 49 17,aguichard@example.com,"698, rue de Maréchal, 19993 Lefebvre-la-Forêt",14/10/2024
198,Didier,Henriette,09/08/1975,+33 (0)4 50 69 97 44,lchevalier@example.net,"89, avenue Hortense Auger, 55426 LégerVille",14/10/2024
199,Mathieu,Éric,13/06/2006,06 32 34 36 44,matthieu97@example.org,"967, chemin Mallet, 28847 Saint Colette",14/10/2024
200,Renaud,Simone,18/12/1987,+33 6 38 89 20 64,guillonnoel@example.net,"628, boulevard de Weber, 25849 Labbé",14/10/2024
201,Descamps,Lorraine,09/01/1959,+33 3 85 91 76 86,wdupuy@example.com,"36, rue Valentin, 26183 Bonneau-la-Forêt",14/10/2024
202,Delattre,Gilbert,20/09/1963,01 81 18 84 92,clercgabriel@example.org,"boulevard Alice Lemaître, 37153 Menard",14/10/2024
203,Guichard,Théodore,27/11/1998,0654980662,manonrodrigues@example.net,"chemin René Perrot, 14689 Schneider-sur-Mer",14/10/2024
204,Bruneau,Timothée,16/10/1978,0149473829,mahemarguerite@example.net,"3, boulevard Paul Marchand, 04682 Perez",14/10/2024
205,Klein,Augustin,25/04/1992,0130004052,alexandregabrielle@example.org,"960, avenue de Becker, 07448 Sainte Rémydan",14/10/2024
206,Imbert,Charles,08/03/1955,0322275134,guyonchristiane@example.com,"30, chemin Zoé Gautier, 97676 Saint Grégoire-la-Forêt",14/10/2024
207,Carpentier,Alix,16/08/1974,04 43 09 50 62,jacques74@example.org,"749, rue de Didier, 68266 Saint Marc",14/10/2024
208,Carre,Bernard,21/05/1980,+33 (0)1 48 38 54 79,michel94@example.com,"440, chemin Roche, 56423 Arnaud-sur-Mer",14/10/2024
209,Mathieu,Virginie,14/11/1995,06 99 49 15 24,collinlaure@example.org,"3, boulevard Regnier, 42357 Jourdan",14/10/2024
210,Dupont,Colette,19/03/1982,+33 (0)4 85 36 27 36,leroymargot@example.net,"chemin Carre, 04773 Bousquet",14/10/2024
211,Guillon,Grégoire,09/02/1959,+33 5 16 91 68 96,mailletfranck@example.com,"25, boulevard Lebreton, 42971 Hoarau",14/10/2024
212,Leroy,Gilles,08/01/1963,01 60 99 84 06,diane02@example.com,"44, avenue Poulain, 86886 Marchal-la-Forêt",14/10/2024
213,Lopes,Renée,14/07/1936,+33 (0)5 94 00 05 17,ihernandez@example.com,"843, boulevard Leroy, 33102 Delannoy-sur-Blin",14/10/2024
214,Hervé,Hortense,10/01/1976,+33 6 30 52 00 28,benoitalix@example.net,"91, avenue Laroche, 59160 Monnier-sur-Mer",14/10/2024
215,Leconte,Bernadette,13/06/2006,01 83 07 38 87,launayoceane@example.net,"rue Louis Thierry, 42436 Coulon-sur-Chauvin",14/10/2024
216,Ferrand,Nath,23/11/1958,+33 5 58 32 07 82,gilbert70@example.net,"81, avenue Émile Morvan, 13349 Thibault-la-Forêt",14/10/2024
217,Wagner,Roger,04/09/1957,+33 (0)3 62 93 95 18,georgeslucas@example.org,"43, rue Stéphane Vincent, 44485 Sainte ChristianeVille",14/10/2024
218,Samson,Noël,19/02/1936,+33 2 57 11 62 72,rvidal@example.org,"7, boulevard Michelle Lefebvre, 42950 Bertrand",14/10/2024
219,Lecomte,Adrien,29/07/1969,0235083150,margaudmonnier@example.net,"6, chemin Meunier, 48377 Blondel-les-Bains",14/10/2024
220,Daniel,Catherine,07/11/1963,0386166929,isaacrodrigues@example.com,"34, rue Andrée Hervé, 12919 Marteldan",14/10/2024
221,Menard,Adrien,13/12/1981,02 78 93 24 09,arnaudesauvage@example.com,"rue De Oliveira, 56984 DelmasVille",14/10/2024
222,Auger,Brigitte,05/11/1989,+33 4 91 17 54 66,nicolasboulanger@example.org,"chemin Timothée Marchand, 57467 Lebrun",14/10/2024
223,Leconte,Marthe,24/09/2005,0328799147,lpoulain@example.net,"813, rue de Besnard, 03250 Mendèsdan",14/10/2024
224,Barthelemy,Patrick,08/02/1988,04 34 31 08 82,arthur79@example.org,"74, chemin de Cohen, 82445 Saint Gilles",14/10/2024
225,Maillard,Christiane,01/01/2002,04 88 90 84 89,kbrunel@example.com,"1, avenue Delaunay, 15725 Clément",14/10/2024
226,Leclerc,Agnès,30/05/1990,+33 (0)4 11 98 66 29,wbrunet@example.org,"3, avenue de Briand, 21916 ClercVille",14/10/2024
227,Parent,Nicole,01/04/1975,+33 (0)2 34 40 86 89,antoinette49@example.com,"52, chemin Pires, 82819 Traore-la-Forêt",14/10/2024
228,Briand,Margot,19/02/1969,0364806101,alex64@example.org,"9, chemin Antoine Diaz, 59244 Arnaud",14/10/2024
229,Alves,Claire,02/09/1965,05 46 34 22 77,pauljulie@example.net,"586, boulevard Devaux, 86364 Sainte Brigitte",14/10/2024
230,Caron,Mathilde,03/03/1945,0695704549,carreetienne@example.net,"70, chemin Legrand, 41580 Gallet",14/10/2024
231,Breton,Anaïs,01/10/1934,+33 (0)3 65 88 75 68,benoit10@example.com,"37, boulevard de Meunier, 05633 Bigot",14/10/2024
232,Barbier,Éléonore,24/09/1939,03 68 06 31 73,claudedupre@example.com,"45, chemin Michel, 70469 Hervé",14/10/2024
233,Lambert,Lorraine,18/10/1947,0172931496,paulinemaillard@example.com,"1, avenue de Marion, 94144 Beckerdan",14/10/2024
234,Turpin,Martin,30/12/1952,06 31 19 37 69,thibaulthumbert@example.org,"49, rue Chauveau, 11611 Saint Théophile",14/10/2024
235,Tessier,Émilie,26/05/1954,05 18 94 27 76,oboutin@example.net,"76, rue Martinez, 62164 Sainte Gérard",14/10/2024
236,Perrin,Henriette,27/04/2000,+33 (0)5 96 53 02 58,jvasseur@example.net,"78, rue de Étienne, 44144 Olivier",14/10/2024
237,Lelièvre,William,17/02/1989,01 88 34 13 08,marcelle25@example.com,"65, rue Élise Rodriguez, 45187 Boulay",14/10/2024
238,Chevalier,Sébastien,02/07/1961,02 55 00 46 27,michellelevy@example.com,"8, rue Bodin, 92629 Texier",14/10/2024
239,Gay,Honoré,07/04/1994,+33 3 90 74 47 85,jrodrigues@example.com,"75, boulevard Courtois, 34591 Henrynec",14/10/2024
240,Normand,Thibaut,20/10/1951,02 50 60 35 02,francoise82@example.org,"avenue Voisin, 21800 Alvesdan",14/10/2024
241,Raynaud,Amélie,04/11/1934,03 25 49 14 17,antoinettetanguy@example.org,"8, avenue Léon Marin, 30869 Rouxnec",14/10/2024
242,Brunel,Frédéric,17/11/1943,05 36 37 08 92,genevieve30@example.com,"43, rue Françoise Payet, 81521 Fabre",14/10/2024
243,Hoareau,Emmanuel,15/09/1998,0490751949,lemairevalerie@example.net,"43, rue de Mace, 30987 Saint Henri",14/10/2024
244,Evrard,Margaret,04/03/1951,0356371366,emiliefournier@example.com,"19, chemin Regnier, 52601 Sainte Lucdan",14/10/2024
245,Marchal,Frédéric,17/01/1953,0383570343,rodrigueznicolas@example.com,"avenue Aimée Riou, 16941 Pruvost-sur-Mer",14/10/2024
246,Mary,Thérèse,28/12/1946,03 68 60 68 18,carolineroche@example.net,"rue Turpin, 83851 Dupuis-sur-Mer",14/10/2024
247,Devaux,Roger,28/11/1970,05 17 09 98 67,amelie54@example.org,"671, rue Laurence Salmon, 88260 Sainte Émilie",14/10/2024
248,Roussel,Noël,17/03/1979,+33 3 27 83 88 97,gillesalves@example.com,"53, chemin de Blanchard, 67685 Colindan",14/10/2024
249,Gimenez,Maurice,08/09/1951,+33 (0)1 69 15 97 59,penelopevasseur@example.net,"837, boulevard Martin Buisson, 94892 Faure",14/10/2024
250,Chartier,Thibaut,01/10/1942,+33 (0)1 44 02 99 22,sabinecosta@example.com,"29, chemin Gros, 39711 Nicolasdan",14/10/2024
251,Test,Tets01,,32469732948432,,,15/10/2024
